,Notes,Uniques [Wed],Uniques [Thu],Uniques [Fri],Uniques [Sat],Uniques [Sun],Uniques [Mon],Uniques [Tue],Pageviews [Wed],Pageviews [Thu],Pageviews [Fri],Pageviews [Sat],Pageviews [Sun],Pageviews [Mon],Pageviews [Tue],"Pageviews [weekend, sum of Thu-Mon]"
Monaco,Data only from Saturday onwards,-,-,-,"424,681","623,624","417,959","346,811",-,-,-,"5,144,744","7,975,008","3,565,345","2,281,635","16,685,097"
Azerbaijan,,"335,779","238,587","310,857","412,950","755,348","496,590","354,915","1,289,768","1,598,160","3,043,826","4,596,956","9,536,015","4,259,789","2,263,208","23,034,746"
France,,"215,020","256,270","339,438","306,677","633,656","425,193","390,793","1,458,267","1,735,227","2,894,989","3,223,381","6,461,313","3,355,719","2,246,683","17,670,629"
Styria,,"222,161","267,731","390,039","367,191","445,600","373,495","283,913","1,631,726","2,041,788","3,816,133","4,274,467","5,048,072","2,806,795","1,887,240","17,987,255"
Austria,,"271,580","286,872","265,982","394,128","513,253","334,390","289,203","1,733,891","2,032,163","2,566,959","5,085,011","6,763,326","3,064,773","1,996,965","19,512,232"
Britain,Sprint,"266,095","263,702","349,283","397,567","881,827","759,511","492,200","1,633,401","2,640,977","3,876,315","4,505,124","12,986,950","6,324,538","3,279,394","30,333,904"
Hungary,,"247,925","397,222","352,606","359,865","698,902","654,548","360,526","1,619,797","2,942,234","3,253,392","4,959,348","12,170,059","5,931,551","3,267,894","29,256,584"
Belgium,2 lap race under SC,"251,028","252,194","336,351","452,279","769,930","539,723","339,231","1,568,392","1,806,059","3,218,299","5,511,351","10,465,748","4,238,720","2,853,964","25,240,177"
Netherlands,,"384,718","440,495","364,662","387,024","532,453","456,890","405,174","3,065,707","3,503,311","4,410,951","5,623,698","7,517,883","4,974,940","3,847,031","26,030,783"
Italy,Sprint,"369,355","293,345","335,976","413,680","799,060","525,640","605,180","3,588,151","2,772,091","4,102,584","5,517,871","11,825,802","5,126,793","3,199,189","29,345,141"
Russia,,"269,334","308,360","331,985","440,993","610,116","426,838","278,345","1,769,242","2,363,611","3,162,900","5,012,725","8,059,506","3,574,871","2,122,023","22,173,613"
Turkey,,"232,369","287,295","282,328","310,063","488,912","391,924","358,862","1,582,103","2,185,998","2,942,949","3,556,889","6,491,980","3,280,305","2,163,458","18,458,121"
US,,"220,173","286,606","311,027","393,592","506,252","464,891","362,112","1,598,015","1,983,771","3,354,562","4,088,703","6,274,303","4,571,758","2,630,482","20,273,097"
Mexico,,"197,331","202,411","248,669","313,898","424,843","390,980","335,742","1,346,634","1,399,391","2,261,447","3,534,036","5,386,099","3,595,874","2,241,257","16,176,847"
Brazil,Sprint,"287,754","292,688","301,509","703,831","609,198","468,075","515,755","1,839,730","2,323,091","4,221,779","12,744,398","8,545,431","4,936,897","4,337,334","32,771,596"
Qatar,,"386,046","401,022","554,145","461,075","570,527","485,864","368,916","3,153,442","3,591,311","5,046,244","6,252,924","9,285,997","4,123,751","2,746,650","28,300,227"
Saudi Arabia,,"299,405","320,172","381,789","533,970","745,777","808,386","499,790","2,310,726","2,723,056","4,457,198","7,657,515","16,146,230","8,231,166","4,667,107","39,215,165"
Abu Dhabi,,"477,742","519,103","521,742","662,232","1,316,607","1,067,502","777,366","4,133,503","5,595,019","6,566,516","8,683,217","34,339,671","15,318,960","9,710,965","70,503,383"