Year,Month,Uniques,Pageviews
2020,July,"3,637,373","83,045,178"
2020,August,"3,094,522","78,703,701"
2020,September,"2,840,827","67,766,306"
2020,October,"2,563,096","56,356,062"
2020,November,"2,948,262","60,208,739"
2020,December,"3,718,275","91,265,616"
2021,January,"1,688,028","31,233,969"
2021,February,"1,401,009","28,746,161"
2021,March,"2,818,989","70,644,633"
2021,April,"2,811,356","53,651,338"
2021,May,"3,304,364","77,052,826"
2021,June,"3,292,675","83,021,501"
2021,July,"3,480,130","94,933,790"
2021,August,"3,066,255","81,146,319"
2021,September,"3,545,161","113,361,142"
2021,October,"2,545,582","73,600,821"
2021,November,"3,008,853","110,878,466"
2021,December,"4,508,424","189,320,913"
2022,January,"2,439,948","66,171,862"
2022,February,"2,968,767","90,557,942"