Date,Uniques,Pageviews,New Subscribers,Day of week,Race/Event
5/22/21,"424,681","5,144,744","2,946",Saturday,
5/23/21,"623,624","7,975,008","5,718",Sunday,Monaco
5/24/21,"417,959","3,565,345","3,380",Monday,
5/25/21,"346,811","2,281,635","2,184",Tuesday,
5/26/21,"363,377","1,948,642","1,496",Wednesday,
5/27/21,"302,202","1,772,389","1,192",Thursday,
5/28/21,"282,564","1,534,077","1,114",Friday,
5/29/21,"214,695","1,195,109","1,020",Saturday,
5/30/21,"225,510","1,280,342",941,Sunday,
5/31/21,"243,741","1,365,508",926,Monday,
6/1/21,"296,814","1,335,598",959,Tuesday,
6/2/21,"335,779","1,289,768","1,308",Wednesday,
6/3/21,"238,587","1,598,160","1,068",Thursday,
6/4/21,"310,857","3,043,826","1,316",Friday,
6/5/21,"412,950","4,596,956","3,035",Saturday,
6/6/21,"755,348","9,536,015","7,667",Sunday,Baku
6/7/21,"496,590","4,259,789","3,233",Monday,
6/8/21,"354,915","2,263,208","1,674",Tuesday,
6/9/21,"292,308","1,613,049","1,566",Wednesday,
6/10/21,"254,865","1,613,569","1,336",Thursday,
6/11/21,"259,612","1,468,200","1,135",Friday,
6/12/21,"371,531","1,541,205","1,269",Saturday,
6/13/21,"275,535","1,424,553","1,130",Sunday,
6/14/21,"247,360","1,425,907","2,151",Monday,
6/15/21,"220,126","1,396,007",906,Tuesday,
6/16/21,"215,020","1,458,267",922,Wednesday,
6/17/21,"256,270","1,735,227",840,Thursday,
6/18/21,"339,438","2,894,989","1,093",Friday,
6/19/21,"306,677","3,223,381","1,662",Saturday,
6/20/21,"633,656","6,461,313","4,901",Sunday,France
6/21/21,"425,193","3,355,719","3,231",Monday,
6/22/21,"390,793","2,246,683","1,732",Tuesday,
6/23/21,"222,161","1,631,726","1,089",Wednesday,
6/24/21,"267,731","2,041,788",946,Thursday,
6/25/21,"390,039","3,816,133","1,629",Friday,
6/26/21,"367,191","4,274,467","1,999",Saturday,
6/27/21,"445,600","5,048,072","3,582",Sunday,Styria
6/28/21,"373,495","2,806,795","2,233",Monday,
6/29/21,"283,913","1,887,240","1,931",Tuesday,
6/30/21,"271,580","1,733,891","1,092",Wednesday,
7/1/21,"286,872","2,032,163",952,Thursday,
7/2/21,"265,982","2,566,959",946,Friday,
7/3/21,"394,128","5,085,011","2,268",Saturday,
7/4/21,"513,253","6,763,326","3,781",Sunday,Austria
7/5/21,"334,390","3,064,773","2,023",Monday,
7/6/21,"289,203","1,996,965","1,195",Tuesday,
7/7/21,"259,349","1,484,396","1,020",Wednesday,
7/8/21,"254,806","1,605,105",950,Thursday,
7/9/21,"233,349","1,592,110",853,Friday,
7/10/21,"291,578","1,551,328","1,024",Saturday,
7/11/21,"246,109","1,414,575",937,Sunday,
7/12/21,"284,300","1,692,207",934,Monday,
7/13/21,"354,908","1,962,260",997,Tuesday,
7/14/21,"266,095","1,633,401",963,Wednesday,
7/15/21,"263,702","2,640,977","1,145",Thursday,
7/16/21,"349,283","3,876,315","1,277",Friday,
7/17/21,"397,567","4,505,124","2,341",Saturday,
7/18/21,"881,827","12,986,950","8,862",Sunday,Silverstone
7/19/21,"759,511","6,324,538","5,712",Monday,
7/20/21,"492,200","3,279,394","2,674",Tuesday,
7/21/21,"311,398","2,292,384","2,915",Wednesday,
7/22/21,"303,302","2,146,988","2,929",Thursday,
7/23/21,"252,575","2,027,338","1,667",Friday,
7/24/21,"263,815","1,816,452","1,787",Saturday,
7/25/21,"421,142","1,916,652","1,659",Sunday,
7/26/21,"403,974","2,008,574","1,418",Monday,
7/27/21,"293,838","1,892,754","1,193",Tuesday,
7/28/21,"247,925","1,619,797","1,022",Wednesday,
7/29/21,"397,222","2,942,234","1,393",Thursday,
7/30/21,"352,606","3,253,392","1,204",Friday,
7/31/21,"359,865","4,959,348","1,611",Saturday,
8/1/21,"698,902","12,170,059","6,998",Sunday,Hungary
8/2/21,"654,548","5,931,551","4,177",Monday,
8/3/21,"360,526","3,267,894","1,950",Tuesday,
8/4/21,"281,033","2,221,536","1,179",Wednesday,
8/5/21,"262,599","1,940,681","1,090",Thursday,
8/6/21,"302,387","1,875,218","1,038",Friday,
8/7/21,"207,041","1,463,529",859,Saturday,
8/8/21,"190,408","1,263,387",824,Sunday,
8/9/21,"212,393","1,480,160",778,Monday,
8/10/21,"333,341","1,543,573","1,106",Tuesday,
8/11/21,"281,954","1,520,942",898,Wednesday,
8/12/21,"211,530","1,259,346",725,Thursday,
8/13/21,"182,928","1,114,203",702,Friday,
8/14/21,"222,046","1,238,262",615,Saturday,
8/15/21,"238,890","1,468,274",724,Sunday,
8/16/21,"369,119","1,674,758",920,Monday,
8/17/21,"285,200","1,231,040",887,Tuesday,
8/18/21,"287,526","1,441,400",869,Wednesday,
8/19/21,"181,548","1,045,585",621,Thursday,
8/20/21,"169,073","1,036,328",580,Friday,
8/21/21,"222,357","1,064,501",640,Saturday,
8/22/21,"231,127","1,430,567",667,Sunday,
8/23/21,"244,279","1,498,979",748,Monday,
8/24/21,"194,003","1,302,013",721,Tuesday,
8/25/21,"251,028","1,568,392",760,Wednesday,
8/26/21,"252,194","1,806,059",906,Thursday,
8/27/21,"336,351","3,218,299","1,251",Friday,
8/28/21,"452,279","5,511,351","2,805",Saturday,
8/29/21,"769,930","10,465,748","5,513",Sunday,Belgium
8/30/21,"539,723","4,238,720","2,071",Monday,
8/31/21,"339,231","2,853,964","1,239",Tuesday,
9/1/21,"384,718","3,065,707","1,658",Wednesday,
9/2/21,"440,495","3,503,311","2,259",Thursday,
9/3/21,"364,662","4,410,951","1,511",Friday,
9/4/21,"387,024","5,623,698","2,546",Saturday,
9/5/21,"532,453","7,517,883","4,473",Sunday,Netherlands
9/6/21,"456,890","4,974,940","3,026",Monday,
9/7/21,"405,174","3,847,031","2,101",Tuesday,
9/8/21,"369,355","3,588,151","1,740",Wednesday,
9/9/21,"293,345","2,772,091","1,245",Thursday,
9/10/21,"335,976","4,102,584","1,189",Friday,
9/11/21,"413,680","5,517,871","1,872",Saturday,
9/12/21,"799,060","11,825,802","7,280",Sunday,Italy
9/13/21,"525,640","5,126,793","3,182",Monday,
9/14/21,"605,180","3,199,189","1,766",Tuesday,
9/15/21,"409,018","2,563,605","1,350",Wednesday,
9/16/21,"271,881","2,026,673","1,173",Thursday,
9/17/21,"274,681","1,908,022","1,008",Friday,
9/18/21,"359,526","1,953,016","1,270",Saturday,
9/19/21,"317,588","1,914,271","1,186",Sunday,
9/20/21,"364,604","1,973,727","1,263",Monday,
9/21/21,"231,871","1,621,503",952,Tuesday,
9/22/21,"269,334","1,769,242","1,083",Wednesday,
9/23/21,"308,360","2,363,611",836,Thursday,
9/24/21,"331,985","3,162,900","1,005",Friday,
9/25/21,"440,993","5,012,725","2,759",Saturday,
9/26/21,"610,116","8,059,506","4,622",Sunday,Russia
9/27/21,"426,838","3,574,871","2,456",Monday,
9/28/21,"278,345","2,122,023","1,051",Tuesday,
9/29/21,"352,479","2,240,389","1,033",Wednesday,
9/30/21,"343,940","2,019,056","1,074",Thursday,
10/1/21,"251,424","1,696,461",948,Friday,
10/2/21,"209,522","1,356,607",839,Saturday,
10/3/21,"259,481","1,503,287",979,Sunday,
10/4/21,"277,631","1,811,376","1,166",Monday,
10/5/21,"242,437","1,562,367",750,Tuesday,
10/6/21,"232,369","1,582,103",743,Wednesday,
10/7/21,"287,295","2,185,998","1,037",Thursday,
10/8/21,"282,328","2,942,949",865,Friday,
10/9/21,"310,063","3,556,889","1,343",Saturday,
10/10/21,"488,912","6,491,980","3,504",Sunday,Turkey
10/11/21,"391,924","3,280,305","1,752",Monday,
10/12/21,"358,862","2,163,458","1,180",Tuesday,
10/13/21,"247,014","1,674,203",954,Wednesday,
10/14/21,"228,772","1,541,914",879,Thursday,
10/15/21,"247,213","1,501,207",972,Friday,
10/16/21,"216,954","1,356,569",921,Saturday,
10/17/21,"271,366","1,558,660","1,127",Sunday,
10/18/21,"238,350","1,554,534","1,322",Monday,
10/19/21,"213,819","1,445,497",844,Tuesday,
10/20/21,"220,173","1,598,015",776,Wednesday,
10/21/21,"286,606","1,983,771","1,005",Thursday,
10/22/21,"311,027","3,354,562","1,130",Friday,
10/23/21,"393,592","4,088,703","1,459",Saturday,
10/24/21,"506,252","6,274,303","3,437",Sunday,United States
10/25/21,"464,891","4,571,758","3,332",Monday,
10/26/21,"362,112","2,630,482","1,033",Tuesday,
10/27/21,"299,690","2,009,387",949,Wednesday,
10/28/21,"349,223","1,982,803","1,125",Thursday,
10/29/21,"268,597","1,660,252",801,Friday,
10/30/21,"216,807","1,385,359",677,Saturday,
10/31/21,"204,799","1,295,062",743,Sunday,
11/1/21,"229,176","1,514,904",781,Monday,
11/2/21,"229,873","1,331,082",770,Tuesday,
11/3/21,"197,331","1,346,634",588,Wednesday,
11/4/21,"202,411","1,399,391",544,Thursday,
11/5/21,"248,669","2,261,447",587,Friday,
11/6/21,"313,898","3,534,036","1,101",Saturday,
11/7/21,"424,843","5,386,099","2,383",Sunday,Mexico
11/8/21,"390,980","3,595,874","2,585",Monday,
11/9/21,"335,742","2,241,257",926,Tuesday,
11/10/21,"287,754","1,839,730",936,Wednesday,
11/11/21,"292,688","2,323,091","1,373",Thursday,
11/12/21,"301,509","4,221,779","1,184",Friday,
11/13/21,"703,831","12,744,398","5,139",Saturday,
11/14/21,"609,198","8,545,431","4,617",Sunday,SÃ£o Paulo
11/15/21,"468,075","4,936,897","3,323",Monday,
11/16/21,"515,755","4,337,334","2,584",Tuesday,
11/17/21,"386,046","3,153,442","1,744",Wednesday,
11/18/21,"401,022","3,591,311","2,353",Thursday,
11/19/21,"554,145","5,046,244","2,373",Friday,
11/20/21,"461,075","6,252,924","2,637",Saturday,
11/21/21,"570,527","9,285,997","4,111",Sunday,Qatar
11/22/21,"485,864","4,123,751","2,628",Monday,
11/23/21,"368,916","2,746,650","1,229",Tuesday,
11/24/21,"394,573","2,641,555","1,090",Wednesday,
11/25/21,"285,044","2,151,375",806,Thursday,
11/26/21,"264,192","1,997,027",706,Friday,
11/27/21,"343,914","1,982,515",769,Saturday,
11/28/21,"310,589","2,096,828","1,266",Sunday,
11/29/21,"311,472","2,124,118",869,Monday,
11/30/21,"276,778","2,125,345",815,Tuesday,
12/1/21,"299,405","2,310,726",816,Wednesday,
12/2/21,"320,172","2,723,056",917,Thursday,
12/3/21,"381,789","4,457,198","1,232",Friday,
12/4/21,"533,970","7,657,515","2,816",Saturday,
12/5/21,"745,777","16,146,230","7,467",Sunday,Jeddah
12/6/21,"808,386","8,231,166","6,407",Monday,
12/7/21,"499,790","4,667,107","2,626",Tuesday,
12/8/21,"477,742","4,133,503","2,873",Wednesday,
12/9/21,"519,103","5,595,019","3,155",Thursday,
12/10/21,"521,742","6,566,516","3,557",Friday,
12/11/21,"662,232","8,683,217","6,144",Saturday,
12/12/21,"1,316,607","34,339,671","23,474",Sunday,Abu Dhabi
12/13/21,"1,067,502","15,318,960","11,775",Monday,
12/14/21,"777,366","9,710,965","6,292",Tuesday,
12/15/21,"782,131","7,830,136","5,468",Wednesday,
12/16/21,"754,459","7,857,549","5,307",Thursday,FIA Prize Giving
12/17/21,"527,125","5,391,982","3,819",Friday,
12/18/21,"430,597","3,795,572","3,556",Saturday,
12/19/21,"384,017","3,309,934","2,405",Sunday,
12/20/21,"382,325","3,190,359","1,943",Monday,
12/21/21,"394,185","3,301,125","1,591",Tuesday,
12/22/21,"442,237","3,204,127","1,092",Wednesday,
12/23/21,"620,334","3,236,153","1,616",Thursday,
12/24/21,"425,404","2,709,147","1,273",Friday,
12/25/21,"319,593","2,306,874","1,074",Saturday,
12/26/21,"404,665","2,315,408","1,308",Sunday,
12/27/21,"338,424","2,157,613","1,258",Monday,
12/28/21,"295,428","2,342,531","1,063",Tuesday,
12/29/21,"331,581","2,161,225","1,183",Wednesday,
12/30/21,"267,906","1,919,526",954,Thursday,
12/31/21,"272,537","1,750,803","1,135",Friday,